Hexstream,Split Indexes,Splited Hexstream
000000cafe534d424000000000000000000001000100000000000000000000000000000000000000000000000000000000000000000000000000000000000000000000004100010010020000303839666261326135633533000000000300000000000100000001000000010050d8083b163ed901000000000000000080004a0000000000604806062b0601050502a03e303ca00e300c060a2b06010401823702020aa32a3028a0261b246e6f745f646566696e65645f696e5f5246433431373840706c656173655f69676e6f7265,"[0, 10, 12, 18, 36, 68, 72, 74, 92, 93, 108, 114, 206]",000000cafe534d424000 0000 000000000000 010001000000000000000000000000000000 0000000000000000000000000000000000000000000000000000000000000000 41000100 1002 000030383966626132613563353300000000 03 000000000001000000010000000100 50d8083b163e d901000000000000000080004a0000000000604806062b0601050502a03e303ca00e300c060a2b06010401823702020aa32a3028a0261b246e6f745f646566696e65645f696e5f5246433431373840706c656173655f69676e6f7265
0000011ffe534d4240000000160000c001000100010000000000000001000000000000000000000000000000555499db0000000000000000000000000000000000000000090000004800d700a181d43081d1a0030a0101a10c060a2b06010401823702020aa281bb0481b84e544c4d5353500002000000180018003800000015828a62616161616161616100000000000000006800680050000000060100000000000f3000380039004600420041003200410035004300350033000200180030003800390046004200410032004100350043003500330001001800300038003900460042004100320041003500430035003300040000000300180030003800390066006200610032006100350063003500330007000800d66a093b163ed90100000000,"[0, 10, 12, 36, 52, 54, 60, 62, 64, 66, 68, 128, 131, 279, 287, 291]",0000011ffe534d424000 0000 160000c00100010001000000000000000100000000000000 0000000000000000555499db00000000 0000 000000000000 0000 0000 0000 0000 090000004800d700a181d43081d1a0030a0101a10c060a2b06010401823702020aa281bb0481b84e544c4d5353500002000000180018003800000015 828a62 616161616161616100000000000000006800680050000000060100000000000f3000380039004600420041003200410035004300350033000200180030003800390046004200410032004100350043003500330001001800300038003900460042004100320041003500430035003300040000000300180030003800390066006200610032006100350063003500330007000800 d66a093b163ed901 00000000
00000051fe534d42400000000000000001000020010000000000000002000000000000000000000000000000555499db00000000000000000000000000000000000000000900010048000900a1073005a0030a0100,"[0, 10, 12, 16, 36, 48, 50, 53, 55, 64, 66, 68, 85]",00000051fe534d424000 0000 00000000 0100002001000000000000000200000000000000 0000000000000000555499db 0000 000000 0000 000000000000000000 0000 0000 0900010048000900a1073005a0030a0100
00000050fe534d424000000000000000030001000100000000000000030000000000000000000000950b2345555499db0000000000000000000000000000000000000000100002000000000000000000a9001f00,"[0, 10, 12, 16, 18, 20, 22, 28, 68, 84]",00000050fe534d424000 0000 00000000 0300 0100 0100 000000000000 030000000000000000000000950b2345555499db0000000000000000000000000000000000000000 100002000000000000000000a9001f00
00000049fe534d4240000000250200c00b0001000100000000000000040000000000000000000000950b2345555499db0000000000000000000000000000000000000000090000000000000000,"[0, 10, 77]",00000049fe534d424000 0000250200c00b0001000100000000000000040000000000000000000000950b2345555499db0000000000000000000000000000000000000000090000000000000000
00000044fe534d424000000000000000040001000100000000000000050000000000000000000000950b2345555499db000000000000000000000000000000000000000004000000,"[0, 10, 12, 16, 18, 20, 22, 28, 72]",00000044fe534d424000 0000 00000000 0400 0100 0100 000000000000 050000000000000000000000950b2345555499db000000000000000000000000000000000000000004000000
00000050fe534d424000000000000000030001000100000000000000060000000000000000000000e2f6cdf0555499db0000000000000000000000000000000000000000100001000000000000000000ff011f00,"[0, 10, 12, 16, 18, 20, 22, 28, 70, 84]",00000050fe534d424000 0000 00000000 0300 0100 0100 000000000000 060000000000000000000000e2f6cdf0555499db00000000000000000000000000000000000000001000 01000000000000000000ff011f00
00000044fe534d4240000000000000000d00010001000000000000000700000000000000000000000000000000000000000000000000000000000000000000000000000004000000,"[0, 10, 12, 16, 18, 20, 22, 28, 68, 72]",00000044fe534d424000 0000 00000000 0d00 0100 0100 000000000000 07000000000000000000000000000000000000000000000000000000000000000000000000000000 04000000
00000098fe534d424000000000000000050001000100000000000000080000000000000000000000e2f6cdf0555499db00000000000000000000000000000000000000005900000001000000235654f2153ed9015ec945f4153ed901235654f2153ed901235654f2153ed901000000000000000000000000000000001000000000000000cdaff4b600000000289fb07d000000000000000000000000,"[0, 10, 12, 16, 18, 20, 22, 28, 72, 84, 90, 132, 137, 140, 156]",00000098fe534d424000 0000 00000000 0500 0100 0100 000000000000 080000000000000000000000e2f6cdf0555499db000000000000000000000000000000000000000059000000 01000000235654f2153ed901 5ec945f4153e d901235654f2153ed901235654f2153ed901000000000000000000000000000000001000000000000000 cdaff4b600 000000 289fb07d000000000000000000000000
00000216fe534d4240000000000000000e0001000100000000000000090000000000000000000000e2f6cdf0555499db000000000000000000000000000000000000000009004800ce0100007000000000000000235654f2153ed9015ec945f4153ed901235654f2153ed901235654f2153ed901000000000000000000000000000000001000000002000000000000000000000000000000000000000000000000000000000000000000000084120a07000000002e000000000000007000000000000000c2867bb9ce39d901072d7952143ed901c2867bb9ce39d901c2867bb9ce39d901000000000000000000000000000000001000000004000000000000000000000000000000000000000000000000000000000000000000000000000000000000002e002e00000000007000000000000000235654f2153ed90139cda2ff153ed9017ac285fe153ed9017ac285fe153ed901000000000000000000000000000000001000000006000000000000000000000000000000000000000000000000000000000000000000000085120a0700000000640069007200000000000000000000009febacdecd39d901596849ed153ed9019febacdecd39d9019febacdecd39d9016d0100000000000000100000000000008000000016000000000000000000000000000000000000000000000000000000000000000000000087120a07000000006e006500740077006f0072006b002e0078006d006c00,"[0, 10, 12, 16, 18, 20, 22, 28, 68, 70, 72, 92, 98, 204, 210, 316, 322, 420, 452, 538]",00000216fe534d424000 0000 00000000 0e00 0100 0100 000000000000 090000000000000000000000e2f6cdf0555499db0000000000000000000000000000000000000000 0900 4800 ce0100007000000000000000235654f2153ed901 5ec945f4153e d901235654f2153ed901235654f2153ed901000000000000000000000000000000001000000002000000000000000000000000000000000000000000000000000000000000000000000084120a07000000002e000000000000007000000000000000c2867bb9ce39d901 072d7952143e d901c2867bb9ce39d901c2867bb9ce39d901000000000000000000000000000000001000000004000000000000000000000000000000000000000000000000000000000000000000000000000000000000002e002e00000000007000000000000000235654f2153ed901 39cda2ff153e d9017ac285fe153ed9017ac285fe153ed901000000000000000000000000000000001000000006000000000000000000000000000000000000000000000000000000000000000000000085120a070000000064006900720000000000000000000000 9febacdecd39d901596849ed153ed9019febacdecd39d9019febacdecd39d901 6d0100000000000000100000000000008000000016000000000000000000000000000000000000000000000000000000000000000000000087120a07000000006e006500740077006f0072006b002e0078006d006c00
00000049fe534d4240000000060000800e00010001000000000000000a0000000000000000000000e2f6cdf0555499db0000000000000000000000000000000000000000090000000000000000,"[0, 10, 13, 15, 77]",00000049fe534d424000 000006 0000 800e00010001000000000000000a0000000000000000000000e2f6cdf0555499db0000000000000000000000000000000000000000090000000000000000
0000007cfe534d4240000000000000000600010001000000000000000b0000000000000000000000e2f6cdf0555499db00000000000000000000000000000000000000003c0000000000000000000000000000000000000000000000000000000000000000000000000000000000000000000000000000000000000000000000,"[0, 10, 12, 16, 18, 20, 22, 28, 125, 128]",0000007cfe534d424000 0000 00000000 0600 0100 0100 000000000000 0b0000000000000000000000e2f6cdf0555499db00000000000000000000000000000000000000003c0000000000000000000000000000000000000000000000000000000000000000000000000000000000000000000000000000000000000000 000000
00000098fe534d4240000000000000000500010001000000000000000c0000000000000000000000e2f6cdf0555499db00000000000000000000000000000000000000005900000001000000235654f2153ed9015ec945f4153ed901235654f2153ed901235654f2153ed9010000000000000000000000000000000010000000000000001d9e4b72000000007716d277000000000000000000000000,"[0, 10, 12, 16, 18, 20, 22, 28, 76, 84, 90, 132, 136, 140, 145, 156]",00000098fe534d424000 0000 00000000 0500 0100 0100 000000000000 0c0000000000000000000000e2f6cdf0555499db00000000000000000000000000000000000000005900000001000000 235654f2153ed901 5ec945f4153e d901235654f2153ed901235654f2153ed901000000000000000000000000000000001000000000000000 1d9e4b72 00000000 7716d27700 0000000000000000000000
00000060fe534d4240000000000000001000010001000000000000000d0000000000000000000000e2f6cdf0555499db0000000000000000000000000000000000000000090048001800000018318b72000000002caae163000000000200000000020000,"[0, 10, 12, 16, 18, 20, 22, 28, 68, 84, 89, 92, 100]",00000060fe534d424000 0000 00000000 1000 0100 0100 000000000000 0d0000000000000000000000e2f6cdf0555499db0000000000000000000000000000000000000000 090048001800000018318b7200000000 2caae16300 000000 0200000000020000
0000007cfe534d4240000000000000000600010001000000000000000e0000000000000000000000e2f6cdf0555499db00000000000000000000000000000000000000003c0000000000000000000000000000000000000000000000000000000000000000000000000000000000000000000000000000000000000000000000,"[0, 10, 12, 16, 18, 20, 22, 28, 123, 126, 128]",0000007cfe534d424000 0000 00000000 0600 0100 0100 000000000000 0e0000000000000000000000e2f6cdf0555499db00000000000000000000000000000000000000003c000000000000000000000000000000000000000000000000000000000000000000000000000000000000000000000000000000000000 000000 0000
00000044fe534d4240000000000000000d00010001000000000000000f00000000000000000000000000000000000000000000000000000000000000000000000000000004000000,"[0, 10, 12, 16, 18, 20, 22, 28, 68, 72]",00000044fe534d424000 0000 00000000 0d00 0100 0100 000000000000 0f000000000000000000000000000000000000000000000000000000000000000000000000000000 04000000
00000098fe534d424000000000000000050001000100000000000000100000000000000000000000e2f6cdf0555499db000000000000000000000000000000000000000059000000010000009febacdecd39d901596849ed153ed9019febacdecd39d9019febacdecd39d90100100000000000006d0100000000000080000000000000008de10d8500000000ad363156000000000000000000000000,"[0, 10, 12, 16, 18, 20, 22, 28, 68, 72, 76, 108, 132, 137, 140, 156]",00000098fe534d424000 0000 00000000 0500 0100 0100 000000000000 100000000000000000000000e2f6cdf0555499db0000000000000000000000000000000000000000 59000000 01000000 9febacdecd39d901596849ed153ed9019febacdecd39d9019febacdecd39d901 00100000000000006d010000000000008000000000000000 8de10d8500 000000 ad363156000000000000000000000000
000000c4fe534d424000000000000000100001000100000000000000110000000000000000000000e2f6cdf0555499db0000000000000000000000000000000000000000090048007c0000009febacdecd39d901596849ed153ed9019febacdecd39d9019febacdecd39d901800000000000000000100000000000006d01000000000000010000000000000087120a0700000000000000008900120000000000000000008000000000000000180000005c006e006500740077006f0072006b002e0078006d006c00,"[0, 10, 12, 16, 18, 20, 22, 28, 68, 76, 109, 200]",000000c4fe534d424000 0000 00000000 1000 0100 0100 000000000000 110000000000000000000000e2f6cdf0555499db0000000000000000000000000000000000000000 090048007c000000 9febacdecd39d901596849ed153ed9019febacdecd39d9019febacdecd39d90180 0000000000000000100000000000006d01000000000000010000000000000087120a0700000000000000008900120000000000000000008000000000000000180000005c006e006500740077006f0072006b002e0078006d006c00
000001bdfe534d424000000000000000080001000100000000000000120000000000000000000000e2f6cdf0555499db0000000000000000000000000000000000000000110050006d01000000000000000000003c6e6574776f726b3e0a20203c6e616d653e6e6574776f726b32303c2f6e616d653e0a20203c666f7277617264206d6f64653d276e6174273e0a202020203c6e61743e0a2020202020203c706f72742073746172743d27313032342720656e643d273635353335272f3e0a202020203c2f6e61743e0a20203c2f666f72776172643e0a20203c627269646765206e616d653d277669726272323027207374703d276f6e272064656c61793d2730272f3e0a20203c646f6d61696e206e616d653d276e6574776f726b3230272f3e0a20203c697020616464726573733d273139322e3136382e3132302e3127206e65746d61736b3d273235352e3235352e3235352e30273e0a202020203c646863703e0a2020202020203c72616e67652073746172743d273139322e3136382e3132302e3132382720656e643d273139322e3136382e3132302e323534272f3e0a202020203c2f646863703e0a20203c2f69703e0a3c2f6e6574776f726b3e0a0a,"[0, 10, 12, 16, 18, 20, 22, 28, 84, 449]",000001bdfe534d424000 0000 00000000 0800 0100 0100 000000000000 120000000000000000000000e2f6cdf0555499db0000000000000000000000000000000000000000110050006d0100000000000000000000 3c6e6574776f726b3e0a20203c6e616d653e6e6574776f726b32303c2f6e616d653e0a20203c666f7277617264206d6f64653d276e6174273e0a202020203c6e61743e0a2020202020203c706f72742073746172743d27313032342720656e643d273635353335272f3e0a202020203c2f6e61743e0a20203c2f666f72776172643e0a20203c627269646765206e616d653d277669726272323027207374703d276f6e272064656c61793d2730272f3e0a20203c646f6d61696e206e616d653d276e6574776f726b3230272f3e0a20203c697020616464726573733d273139322e3136382e3132302e3127206e65746d61736b3d273235352e3235352e3235352e30273e0a202020203c646863703e0a2020202020203c72616e67652073746172743d273139322e3136382e3132302e3132382720656e643d273139322e3136382e3132302e323534272f3e0a202020203c2f646863703e0a20203c2f69703e0a3c2f6e6574776f726b3e0a0a
0000007cfe534d424000000000000000060001000100000000000000130000000000000000000000e2f6cdf0555499db00000000000000000000000000000000000000003c0000000000000000000000000000000000000000000000000000000000000000000000000000000000000000000000000000000000000000000000,"[0, 10, 12, 16, 18, 20, 22, 28, 128]",0000007cfe534d424000 0000 00000000 0600 0100 0100 000000000000 130000000000000000000000e2f6cdf0555499db00000000000000000000000000000000000000003c0000000000000000000000000000000000000000000000000000000000000000000000000000000000000000000000000000000000000000000000
00000044fe534d4240000000000000000d00010001000000000000001400000000000000000000000000000000000000000000000000000000000000000000000000000004000000,"[0, 10, 12, 16, 18, 20, 22, 28, 68, 72]",00000044fe534d424000 0000 00000000 0d00 0100 0100 000000000000 14000000000000000000000000000000000000000000000000000000000000000000000000000000 04000000
00000044fe534d4240000000000000000d00010001000000000000001500000000000000000000000000000000000000000000000000000000000000000000000000000004000000,"[0, 10, 12, 16, 18, 20, 22, 28, 68, 72]",00000044fe534d424000 0000 00000000 0d00 0100 0100 000000000000 15000000000000000000000000000000000000000000000000000000000000000000000000000000 04000000
